{
    "rmse": 0.7856410883560375,
    "mae": 0.6403326584820802,
    "r2": 0.05550667854215208
}